case_id,ref_pdb,chain_id,start_resi,end_resi,ligand_resname,scale_factor,scale_mode,has_native_ref,mutation_group,ligand_family,pocket_module,analysis_role
7RPZ_G12D_Frag-A,7RPZ.pdb,A,9,18,6IC,3.8,fixed,true,G12D,MRTX1133_series,P-loop_mutation_site,drug_effect
7RPZ_G12D_Frag-B,7RPZ.pdb,A,54,68,6IC,3.8,fixed,true,G12D,MRTX1133_series,Switch-II_Nterm,drug_effect
7RPZ_G12D_Frag-C,7RPZ.pdb,A,92,103,6IC,3.8,fixed,true,G12D,MRTX1133_series,Alpha3_allosteric_region,drug_effect
7RPZ_G12D_Frag-F,7RPZ.pdb,A,69,78,6IC,3.8,fixed,true,G12D,MRTX1133_series,Switch-II_Cterm,drug_effect
7RT1_G12D_Frag-A,7RT1.pdb,A,9,18,7L8,3.8,fixed,true,G12D,MRTX1133_series,P-loop_mutation_site,drug_effect
7RT1_G12D_Frag-B,7RT1.pdb,A,54,68,7L8,3.8,fixed,true,G12D,MRTX1133_series,Switch-II_Nterm,drug_effect
7RT1_G12D_Frag-C,7RT1.pdb,A,92,103,7L8,3.8,fixed,true,G12D,MRTX1133_series,Alpha3_allosteric_region,drug_effect
7RT1_G12D_Frag-F,7RT1.pdb,A,69,78,7L8,3.8,fixed,true,G12D,MRTX1133_series,Switch-II_Cterm,drug_effect
7RT4_G12D_Frag-A,7RT4.pdb,A,9,18,7IZ,3.8,fixed,true,G12D,MRTX1133_series,P-loop_mutation_site,drug_effect
7RT4_G12D_Frag-B,7RT4.pdb,A,54,68,7IZ,3.8,fixed,true,G12D,MRTX1133_series,Switch-II_Nterm,drug_effect
7RT4_G12D_Frag-C,7RT4.pdb,A,92,103,7IZ,3.8,fixed,true,G12D,MRTX1133_series,Alpha3_allosteric_region,drug_effect
7RT4_G12D_Frag-F,7RT4.pdb,A,69,78,7IZ,3.8,fixed,true,G12D,MRTX1133_series,Switch-II_Cterm,drug_effect
8AZV_WT_Frag-A,8AZV.pdb,A,9,18,OFU,3.8,fixed,true,WT,BI2865_series,P-loop_mutation_site,mutation_effect
8AZV_WT_Frag-B,8AZV.pdb,A,54,68,OFU,3.8,fixed,true,WT,BI2865_series,Switch-II_Nterm,mutation_effect
8AZV_WT_Frag-C,8AZV.pdb,A,92,103,OFU,3.8,fixed,true,WT,BI2865_series,Alpha3_allosteric_region,mutation_effect
8AZV_WT_Frag-F,8AZV.pdb,A,69,78,OFU,3.8,fixed,true,WT,BI2865_series,Switch-II_Cterm,mutation_effect
8AZX_G12C_Frag-A,8AZX.pdb,A,9,18,OFU,3.8,fixed,true,G12C,BI2865_series,P-loop_mutation_site,mutation_effect
8AZX_G12C_Frag-B,8AZX.pdb,A,54,68,OFU,3.8,fixed,true,G12C,BI2865_series,Switch-II_Nterm,mutation_effect
8AZX_G12C_Frag-C,8AZX.pdb,A,92,103,OFU,3.8,fixed,true,G12C,BI2865_series,Alpha3_allosteric_region,mutation_effect
8AZX_G12C_Frag-F,8AZX.pdb,A,69,78,OFU,3.8,fixed,true,G12C,BI2865_series,Switch-II_Cterm,mutation_effect
8AZY_G12D_Frag-A,8AZY.pdb,A,9,18,OFU,3.8,fixed,true,G12D,BI2865_series,P-loop_mutation_site,mutation_effect
8AZY_G12D_Frag-B,8AZY.pdb,A,54,68,OFU,3.8,fixed,true,G12D,BI2865_series,Switch-II_Nterm,mutation_effect
8AZY_G12D_Frag-C,8AZY.pdb,A,92,103,OFU,3.8,fixed,true,G12D,BI2865_series,Alpha3_allosteric_region,mutation_effect
8AZY_G12D_Frag-F,8AZY.pdb,A,69,78,OFU,3.8,fixed,true,G12D,BI2865_series,Switch-II_Cterm,mutation_effect
8AZZ_G12V_Frag-A,8AZZ.pdb,A,9,18,OFU,3.8,fixed,true,G12V,BI2865_series,P-loop_mutation_site,mutation_effect
8AZZ_G12V_Frag-B,8AZZ.pdb,A,54,68,OFU,3.8,fixed,true,G12V,BI2865_series,Switch-II_Nterm,mutation_effect
8AZZ_G12V_Frag-C,8AZZ.pdb,A,92,103,OFU,3.8,fixed,true,G12V,BI2865_series,Alpha3_allosteric_region,mutation_effect
8AZZ_G12V_Frag-F,8AZZ.pdb,A,69,78,OFU,3.8,fixed,true,G12V,BI2865_series,Switch-II_Cterm,mutation_effect
6GJ6_G12D_Frag-D,6GJ6.pdb,A,3,9,EZZ,3.8,fixed,true,G12D,BI2852_related_series,Nterm_Ploop_edge,drug_effect
6GJ6_G12D_Frag-E,6GJ6.pdb,A,36,42,EZZ,3.8,fixed,true,G12D,BI2852_related_series,Switch-I_edge,drug_effect
6GJ6_G12D_Frag-F,6GJ6.pdb,A,69,78,EZZ,3.8,fixed,true,G12D,BI2852_related_series,Switch-II_Cterm,drug_effect
6GJ6_G12D_Frag-B,6GJ6.pdb,A,54,68,EZZ,3.8,fixed,false,G12D,BI2852_related_series,Switch-II_Nterm,landscape_only
6GJ8_G12D_Frag-D,6GJ8.pdb,A,3,9,F0K,3.8,fixed,true,G12D,BI2852_related_series,Nterm_Ploop_edge,drug_effect
6GJ8_G12D_Frag-E,6GJ8.pdb,A,36,42,F0K,3.8,fixed,true,G12D,BI2852_related_series,Switch-I_edge,drug_effect
6GJ8_G12D_Frag-F,6GJ8.pdb,A,69,78,F0K,3.8,fixed,true,G12D,BI2852_related_series,Switch-II_Cterm,drug_effect
6GJ8_G12D_Frag-B,6GJ8.pdb,A,54,68,F0K,3.8,fixed,true,G12D,BI2852_related_series,Switch-II_Nterm,drug_effect