case_id,analysis_group,group_color,control_variable,varying_variable,varying_level
7RT4_G12D_Frag-A,drug_effect_G12D,orange,mutation=G12D,ligand,Compound_5B
7RT4_G12D_Frag-B,drug_effect_G12D,orange,mutation=G12D,ligand,Compound_5B
7RT4_G12D_Frag-C,drug_effect_G12D,orange,mutation=G12D,ligand,Compound_5B
7RT4_G12D_Frag-F,drug_effect_G12D,orange,mutation=G12D,ligand,Compound_5B
7RT1_G12D_Frag-A,drug_effect_G12D,orange,mutation=G12D,ligand,Compound_15
7RT1_G12D_Frag-B,drug_effect_G12D,orange,mutation=G12D,ligand,Compound_15
7RT1_G12D_Frag-C,drug_effect_G12D,orange,mutation=G12D,ligand,Compound_15
7RT1_G12D_Frag-F,drug_effect_G12D,orange,mutation=G12D,ligand,Compound_15
7RPZ_G12D_Frag-A,drug_effect_G12D,orange,mutation=G12D,ligand,MRTX1133
7RPZ_G12D_Frag-B,drug_effect_G12D,orange,mutation=G12D,ligand,MRTX1133
7RPZ_G12D_Frag-C,drug_effect_G12D,orange,mutation=G12D,ligand,MRTX1133
7RPZ_G12D_Frag-F,drug_effect_G12D,orange,mutation=G12D,ligand,MRTX1133
6GJ6_G12D_Frag-B,binding_mode_contrast,green,mutation=G12D,binding_mode,Compound_18
6GJ6_G12D_Frag-D,binding_mode_contrast,green,mutation=G12D,binding_mode,Compound_18
6GJ6_G12D_Frag-E,binding_mode_contrast,green,mutation=G12D,binding_mode,Compound_18
6GJ6_G12D_Frag-F,binding_mode_contrast,green,mutation=G12D,binding_mode,Compound_18
6GJ8_G12D_Frag-B,binding_mode_contrast,green,mutation=G12D,binding_mode,BI-2852
6GJ8_G12D_Frag-D,binding_mode_contrast,green,mutation=G12D,binding_mode,BI-2852
6GJ8_G12D_Frag-E,binding_mode_contrast,green,mutation=G12D,binding_mode,BI-2852
6GJ8_G12D_Frag-F,binding_mode_contrast,green,mutation=G12D,binding_mode,BI-2852
8AZV_WT_Frag-A,mutation_panel_BI2865,blue,ligand=BI-2865,mutation,WT
8AZV_WT_Frag-B,mutation_panel_BI2865,blue,ligand=BI-2865,mutation,WT
8AZV_WT_Frag-C,mutation_panel_BI2865,blue,ligand=BI-2865,mutation,WT
8AZV_WT_Frag-F,mutation_panel_BI2865,blue,ligand=BI-2865,mutation,WT
8AZX_G12C_Frag-A,mutation_panel_BI2865,blue,ligand=BI-2865,mutation,G12C
8AZX_G12C_Frag-B,mutation_panel_BI2865,blue,ligand=BI-2865,mutation,G12C
8AZX_G12C_Frag-C,mutation_panel_BI2865,blue,ligand=BI-2865,mutation,G12C
8AZX_G12C_Frag-F,mutation_panel_BI2865,blue,ligand=BI-2865,mutation,G12C
8AZY_G12D_Frag-A,mutation_panel_BI2865,blue,ligand=BI-2865,mutation,G12D
8AZY_G12D_Frag-B,mutation_panel_BI2865,blue,ligand=BI-2865,mutation,G12D
8AZY_G12D_Frag-C,mutation_panel_BI2865,blue,ligand=BI-2865,mutation,G12D
8AZY_G12D_Frag-F,mutation_panel_BI2865,blue,ligand=BI-2865,mutation,G12D
8AZZ_G12V_Frag-A,mutation_panel_BI2865,blue,ligand=BI-2865,mutation,G12V
8AZZ_G12V_Frag-B,mutation_panel_BI2865,blue,ligand=BI-2865,mutation,G12V
8AZZ_G12V_Frag-C,mutation_panel_BI2865,blue,ligand=BI-2865,mutation,G12V
8AZZ_G12V_Frag-F,mutation_panel_BI2865,blue,ligand=BI-2865,mutation,G12V
